time,temperature,humidity,wind,city
2025-09-22T00:00,26.3,95,5.8,Hà Nội
2025-09-22T01:00,26.6,93,5.9,Hà Nội
2025-09-22T02:00,26.9,92,5.9,Hà Nội
2025-09-22T03:00,28.0,89,6.4,Hà Nội
2025-09-22T04:00,28.8,85,6.0,Hà Nội
2025-09-22T05:00,29.5,82,7.1,Hà Nội
2025-09-22T06:00,29.0,82,8.8,Hà Nội
2025-09-22T07:00,28.3,84,9.4,Hà Nội
2025-09-22T08:00,28.1,84,8.5,Hà Nội
2025-09-22T09:00,28.4,83,7.1,Hà Nội
2025-09-22T10:00,28.3,81,6.0,Hà Nội
2025-09-22T11:00,27.8,83,1.5,Hà Nội
2025-09-22T12:00,27.3,85,2.6,Hà Nội
2025-09-22T13:00,26.7,89,2.9,Hà Nội
2025-09-22T14:00,26.5,89,3.3,Hà Nội
2025-09-22T15:00,26.1,91,2.8,Hà Nội
2025-09-22T16:00,26.0,91,3.3,Hà Nội
2025-09-22T17:00,25.8,92,2.9,Hà Nội
2025-09-22T18:00,25.6,92,2.9,Hà Nội
2025-09-22T19:00,25.4,93,4.2,Hà Nội
2025-09-22T20:00,25.4,92,5.0,Hà Nội
2025-09-22T21:00,25.3,93,4.5,Hà Nội
2025-09-22T22:00,25.3,93,4.3,Hà Nội
2025-09-22T23:00,25.3,94,4.1,Hà Nội
2025-09-23T00:00,26.0,92,5.6,Hà Nội
2025-09-23T01:00,27.2,88,8.4,Hà Nội
2025-09-23T02:00,27.9,84,8.3,Hà Nội
2025-09-23T03:00,28.9,77,9.3,Hà Nội
2025-09-23T04:00,29.9,72,10.2,Hà Nội
2025-09-23T05:00,30.7,68,10.6,Hà Nội
2025-09-23T06:00,31.1,68,10.3,Hà Nội
2025-09-23T07:00,31.6,65,10.1,Hà Nội
2025-09-23T08:00,31.6,68,11.6,Hà Nội
2025-09-23T09:00,31.0,72,10.3,Hà Nội
2025-09-23T10:00,30.4,74,7.1,Hà Nội
2025-09-23T11:00,29.4,81,4.7,Hà Nội
2025-09-23T12:00,28.7,84,4.7,Hà Nội
2025-09-23T13:00,28.2,87,3.6,Hà Nội
2025-09-23T14:00,27.8,89,3.3,Hà Nội
2025-09-23T15:00,27.6,89,3.6,Hà Nội
2025-09-23T16:00,27.6,87,4.4,Hà Nội
2025-09-23T17:00,27.4,86,4.8,Hà Nội
2025-09-23T18:00,27.1,86,6.8,Hà Nội
2025-09-23T19:00,26.8,86,7.2,Hà Nội
2025-09-23T20:00,26.7,87,7.8,Hà Nội
2025-09-23T21:00,26.7,86,8.4,Hà Nội
2025-09-23T22:00,26.6,86,8.9,Hà Nội
2025-09-23T23:00,26.4,86,7.9,Hà Nội
2025-09-24T00:00,27.1,85,8.3,Hà Nội
2025-09-24T01:00,28.6,81,9.8,Hà Nội
2025-09-24T02:00,30.0,76,13.7,Hà Nội
2025-09-24T03:00,31.1,70,13.8,Hà Nội
2025-09-24T04:00,31.7,61,13.8,Hà Nội
2025-09-24T05:00,32.3,60,13.9,Hà Nội
2025-09-24T06:00,33.8,51,14.3,Hà Nội
2025-09-24T07:00,34.4,46,14.8,Hà Nội
2025-09-24T08:00,34.5,45,13.5,Hà Nội
2025-09-24T09:00,34.2,46,9.2,Hà Nội
2025-09-24T10:00,33.2,54,2.6,Hà Nội
2025-09-24T11:00,31.5,61,3.8,Hà Nội
2025-09-24T12:00,30.0,68,4.7,Hà Nội
2025-09-24T13:00,29.3,71,4.7,Hà Nội
2025-09-24T14:00,29.2,69,4.3,Hà Nội
2025-09-24T15:00,28.8,68,4.7,Hà Nội
2025-09-24T16:00,28.4,69,5.1,Hà Nội
2025-09-24T17:00,28.1,70,4.7,Hà Nội
2025-09-24T18:00,27.6,72,4.6,Hà Nội
2025-09-24T19:00,27.3,71,4.4,Hà Nội
2025-09-24T20:00,27.2,70,4.7,Hà Nội
2025-09-24T21:00,27.1,69,4.5,Hà Nội
2025-09-24T22:00,26.9,70,4.8,Hà Nội
2025-09-24T23:00,26.9,72,4.4,Hà Nội
2025-09-25T00:00,27.2,75,1.8,Hà Nội
2025-09-25T01:00,27.6,76,6.3,Hà Nội
2025-09-25T02:00,27.6,76,4.0,Hà Nội
2025-09-25T03:00,28.0,75,2.2,Hà Nội
2025-09-25T04:00,28.1,74,4.4,Hà Nội
2025-09-25T05:00,28.4,74,5.2,Hà Nội
2025-09-25T06:00,28.1,76,6.5,Hà Nội
2025-09-25T07:00,27.8,78,6.5,Hà Nội
2025-09-25T08:00,27.4,80,6.3,Hà Nội
2025-09-25T09:00,27.0,82,5.7,Hà Nội
2025-09-25T10:00,26.5,84,4.9,Hà Nội
2025-09-25T11:00,26.1,85,3.8,Hà Nội
2025-09-25T12:00,25.7,86,3.0,Hà Nội
2025-09-25T13:00,25.5,87,2.3,Hà Nội
2025-09-25T14:00,25.3,88,1.3,Hà Nội
2025-09-25T15:00,25.2,89,0.5,Hà Nội
2025-09-25T16:00,25.0,90,0.5,Hà Nội
2025-09-25T17:00,24.7,90,1.3,Hà Nội
2025-09-25T18:00,24.5,90,2.3,Hà Nội
2025-09-25T19:00,24.3,90,3.1,Hà Nội
2025-09-25T20:00,24.1,90,3.6,Hà Nội
2025-09-25T21:00,24.0,90,3.9,Hà Nội
2025-09-25T22:00,24.0,90,4.2,Hà Nội
2025-09-25T23:00,24.3,90,4.2,Hà Nội
2025-09-26T00:00,24.8,88,4.6,Hà Nội
2025-09-26T01:00,26.0,83,5.8,Hà Nội
2025-09-26T02:00,27.5,76,7.9,Hà Nội
2025-09-26T03:00,28.8,71,9.7,Hà Nội
2025-09-26T04:00,29.4,69,10.5,Hà Nội
2025-09-26T05:00,29.8,68,11.0,Hà Nội
2025-09-26T06:00,30.0,68,11.1,Hà Nội
2025-09-26T07:00,30.1,68,9.4,Hà Nội
2025-09-26T08:00,30.1,68,7.6,Hà Nội
2025-09-26T09:00,29.8,70,6.5,Hà Nội
2025-09-26T10:00,29.0,75,5.4,Hà Nội
2025-09-26T11:00,28.1,81,4.4,Hà Nội
2025-09-26T12:00,27.3,86,3.6,Hà Nội
2025-09-26T13:00,26.9,88,3.4,Hà Nội
2025-09-26T14:00,26.7,88,4.8,Hà Nội
2025-09-26T15:00,26.6,88,5.6,Hà Nội
2025-09-26T16:00,26.3,89,5.4,Hà Nội
2025-09-26T17:00,26.1,91,4.6,Hà Nội
2025-09-26T18:00,25.9,92,4.4,Hà Nội
2025-09-26T19:00,25.7,93,4.8,Hà Nội
2025-09-26T20:00,25.5,94,5.4,Hà Nội
2025-09-26T21:00,25.4,94,6.0,Hà Nội
2025-09-26T22:00,25.3,94,6.0,Hà Nội
2025-09-26T23:00,25.3,95,5.5,Hà Nội
2025-09-27T00:00,25.5,94,5.4,Hà Nội
2025-09-27T01:00,26.1,92,5.6,Hà Nội
2025-09-27T02:00,26.8,89,6.4,Hà Nội
2025-09-27T03:00,27.3,87,7.1,Hà Nội
2025-09-27T04:00,27.4,87,6.9,Hà Nội
2025-09-27T05:00,27.4,88,7.1,Hà Nội
2025-09-27T06:00,27.3,88,7.5,Hà Nội
2025-09-27T07:00,27.3,88,6.7,Hà Nội
2025-09-27T08:00,27.3,87,5.0,Hà Nội
2025-09-27T09:00,27.1,87,4.0,Hà Nội
2025-09-27T10:00,26.7,88,4.2,Hà Nội
2025-09-27T11:00,26.1,90,5.2,Hà Nội
2025-09-27T12:00,25.6,91,5.9,Hà Nội
2025-09-27T13:00,25.4,92,6.2,Hà Nội
2025-09-27T14:00,25.2,92,6.2,Hà Nội
2025-09-27T15:00,25.1,92,6.3,Hà Nội
2025-09-27T16:00,25.0,92,6.4,Hà Nội
2025-09-27T17:00,24.9,92,6.5,Hà Nội
2025-09-27T18:00,24.8,92,6.3,Hà Nội
2025-09-27T19:00,24.7,92,5.6,Hà Nội
2025-09-27T20:00,24.6,93,5.0,Hà Nội
2025-09-27T21:00,24.6,93,4.7,Hà Nội
2025-09-27T22:00,24.5,93,5.0,Hà Nội
2025-09-27T23:00,24.5,94,5.8,Hà Nội
2025-09-28T00:00,24.8,93,6.8,Hà Nội
2025-09-28T01:00,25.4,91,8.4,Hà Nội
2025-09-28T02:00,26.2,88,10.7,Hà Nội
2025-09-28T03:00,27.1,85,11.8,Hà Nội
2025-09-28T04:00,27.9,82,11.2,Hà Nội
2025-09-28T05:00,28.7,80,10.1,Hà Nội
2025-09-28T06:00,29.2,78,8.9,Hà Nội
2025-09-28T07:00,29.4,78,7.6,Hà Nội
2025-09-28T08:00,29.3,79,6.4,Hà Nội
2025-09-28T09:00,28.9,80,5.3,Hà Nội
2025-09-28T10:00,28.1,82,5.0,Hà Nội
2025-09-28T11:00,27.1,85,4.8,Hà Nội
2025-09-28T12:00,26.2,87,5.1,Hà Nội
2025-09-28T13:00,25.8,87,5.4,Hà Nội
2025-09-28T14:00,25.6,87,5.8,Hà Nội
2025-09-28T15:00,25.4,87,5.8,Hà Nội
2025-09-28T16:00,25.2,88,5.9,Hà Nội
2025-09-28T17:00,24.9,88,6.1,Hà Nội
2025-09-28T18:00,24.7,89,6.7,Hà Nội
2025-09-28T19:00,24.7,90,7.1,Hà Nội
2025-09-28T20:00,24.7,90,7.9,Hà Nội
2025-09-28T21:00,24.7,90,8.4,Hà Nội
2025-09-28T22:00,24.7,90,8.7,Hà Nội
2025-09-28T23:00,24.6,89,9.2,Hà Nội
2025-09-22T00:00,26.3,92,5.0,TP.HCM
2025-09-22T01:00,26.7,90,9.5,TP.HCM
2025-09-22T02:00,26.6,90,12.2,TP.HCM
2025-09-22T03:00,27.1,87,13.9,TP.HCM
2025-09-22T04:00,27.8,83,15.6,TP.HCM
2025-09-22T05:00,28.6,79,16.9,TP.HCM
2025-09-22T06:00,28.9,77,16.6,TP.HCM
2025-09-22T07:00,28.6,82,14.6,TP.HCM
2025-09-22T08:00,27.8,85,13.8,TP.HCM
2025-09-22T09:00,27.0,87,10.2,TP.HCM
2025-09-22T10:00,27.0,89,7.6,TP.HCM
2025-09-22T11:00,26.5,91,6.6,TP.HCM
2025-09-22T12:00,26.3,93,3.6,TP.HCM
2025-09-22T13:00,26.1,93,3.3,TP.HCM
2025-09-22T14:00,25.9,94,3.9,TP.HCM
2025-09-22T15:00,25.8,94,4.6,TP.HCM
2025-09-22T16:00,25.6,95,5.2,TP.HCM
2025-09-22T17:00,25.5,95,5.1,TP.HCM
2025-09-22T18:00,25.5,94,5.9,TP.HCM
2025-09-22T19:00,25.5,92,7.1,TP.HCM
2025-09-22T20:00,25.3,90,7.4,TP.HCM
2025-09-22T21:00,25.1,89,7.8,TP.HCM
2025-09-22T22:00,25.0,89,7.3,TP.HCM
2025-09-22T23:00,25.0,90,7.2,TP.HCM
2025-09-23T00:00,25.3,91,7.9,TP.HCM
2025-09-23T01:00,26.2,89,9.0,TP.HCM
2025-09-23T02:00,27.3,86,11.2,TP.HCM
2025-09-23T03:00,28.3,82,13.0,TP.HCM
2025-09-23T04:00,29.0,75,17.8,TP.HCM
2025-09-23T05:00,29.3,75,17.7,TP.HCM
2025-09-23T06:00,29.3,76,15.3,TP.HCM
2025-09-23T07:00,29.4,76,12.2,TP.HCM
2025-09-23T08:00,29.8,74,12.0,TP.HCM
2025-09-23T09:00,29.9,75,8.6,TP.HCM
2025-09-23T10:00,29.1,78,6.7,TP.HCM
2025-09-23T11:00,28.2,84,1.6,TP.HCM
2025-09-23T12:00,27.6,88,2.4,TP.HCM
2025-09-23T13:00,27.1,91,2.2,TP.HCM
2025-09-23T14:00,26.9,92,1.0,TP.HCM
2025-09-23T15:00,26.9,91,4.0,TP.HCM
2025-09-23T16:00,26.6,90,6.2,TP.HCM
2025-09-23T17:00,26.3,88,8.3,TP.HCM
2025-09-23T18:00,26.0,88,8.8,TP.HCM
2025-09-23T19:00,25.6,90,8.7,TP.HCM
2025-09-23T20:00,25.4,91,8.0,TP.HCM
2025-09-23T21:00,25.3,91,7.3,TP.HCM
2025-09-23T22:00,25.1,92,6.2,TP.HCM
2025-09-23T23:00,25.0,93,6.5,TP.HCM
2025-09-24T00:00,26.0,90,8.1,TP.HCM
2025-09-24T01:00,27.4,85,10.9,TP.HCM
2025-09-24T02:00,29.2,78,13.4,TP.HCM
2025-09-24T03:00,30.7,66,17.7,TP.HCM
2025-09-24T04:00,31.4,61,20.4,TP.HCM
2025-09-24T05:00,32.6,57,21.1,TP.HCM
2025-09-24T06:00,33.0,56,18.7,TP.HCM
2025-09-24T07:00,32.3,59,15.2,TP.HCM
2025-09-24T08:00,29.7,74,13.4,TP.HCM
2025-09-24T09:00,29.3,77,9.3,TP.HCM
2025-09-24T10:00,29.4,78,8.1,TP.HCM
2025-09-24T11:00,28.7,80,7.4,TP.HCM
2025-09-24T12:00,28.1,81,7.9,TP.HCM
2025-09-24T13:00,27.7,80,10.6,TP.HCM
2025-09-24T14:00,27.2,80,11.6,TP.HCM
2025-09-24T15:00,26.7,83,10.9,TP.HCM
2025-09-24T16:00,26.4,86,10.5,TP.HCM
2025-09-24T17:00,26.1,88,9.8,TP.HCM
2025-09-24T18:00,25.9,90,9.0,TP.HCM
2025-09-24T19:00,25.7,91,8.6,TP.HCM
2025-09-24T20:00,25.5,91,8.1,TP.HCM
2025-09-24T21:00,25.4,92,7.7,TP.HCM
2025-09-24T22:00,25.3,93,7.5,TP.HCM
2025-09-24T23:00,25.3,93,6.6,TP.HCM
2025-09-25T00:00,26.2,90,7.6,TP.HCM
2025-09-25T01:00,27.8,84,11.5,TP.HCM
2025-09-25T02:00,29.2,77,14.3,TP.HCM
2025-09-25T03:00,30.3,70,16.3,TP.HCM
2025-09-25T04:00,31.5,65,17.4,TP.HCM
2025-09-25T05:00,32.4,62,18.2,TP.HCM
2025-09-25T06:00,32.2,63,16.0,TP.HCM
2025-09-25T07:00,31.5,66,13.8,TP.HCM
2025-09-25T08:00,30.3,72,10.8,TP.HCM
2025-09-25T09:00,29.3,77,9.2,TP.HCM
2025-09-25T10:00,28.7,81,7.7,TP.HCM
2025-09-25T11:00,28.3,84,6.2,TP.HCM
2025-09-25T12:00,27.9,86,5.1,TP.HCM
2025-09-25T13:00,27.5,86,5.1,TP.HCM
2025-09-25T14:00,27.0,86,5.6,TP.HCM
2025-09-25T15:00,26.7,86,6.4,TP.HCM
2025-09-25T16:00,26.3,87,6.6,TP.HCM
2025-09-25T17:00,26.0,89,6.6,TP.HCM
2025-09-25T18:00,25.7,91,6.6,TP.HCM
2025-09-25T19:00,25.5,92,6.2,TP.HCM
2025-09-25T20:00,25.4,93,5.4,TP.HCM
2025-09-25T21:00,25.3,93,5.1,TP.HCM
2025-09-25T22:00,25.3,94,4.7,TP.HCM
2025-09-25T23:00,25.4,94,4.7,TP.HCM
2025-09-26T00:00,25.8,92,5.5,TP.HCM
2025-09-26T01:00,26.7,87,7.9,TP.HCM
2025-09-26T02:00,28.0,79,11.5,TP.HCM
2025-09-26T03:00,29.2,73,13.7,TP.HCM
2025-09-26T04:00,30.2,70,14.3,TP.HCM
2025-09-26T05:00,31.0,67,14.0,TP.HCM
2025-09-26T06:00,31.6,66,13.3,TP.HCM
2025-09-26T07:00,31.7,65,12.2,TP.HCM
2025-09-26T08:00,31.5,64,10.6,TP.HCM
2025-09-26T09:00,31.1,66,8.9,TP.HCM
2025-09-26T10:00,30.1,72,5.6,TP.HCM
2025-09-26T11:00,28.9,80,3.2,TP.HCM
2025-09-26T12:00,27.9,87,4.3,TP.HCM
2025-09-26T13:00,27.2,90,5.4,TP.HCM
2025-09-26T14:00,26.8,91,6.2,TP.HCM
2025-09-26T15:00,26.4,91,6.9,TP.HCM
2025-09-26T16:00,26.0,91,7.2,TP.HCM
2025-09-26T17:00,25.7,92,7.3,TP.HCM
2025-09-26T18:00,25.5,92,7.9,TP.HCM
2025-09-26T19:00,25.3,93,8.3,TP.HCM
2025-09-26T20:00,25.2,94,8.2,TP.HCM
2025-09-26T21:00,25.2,95,8.4,TP.HCM
2025-09-26T22:00,25.2,94,8.2,TP.HCM
2025-09-26T23:00,25.3,93,7.9,TP.HCM
2025-09-27T00:00,25.4,92,8.2,TP.HCM
2025-09-27T01:00,25.6,91,10.1,TP.HCM
2025-09-27T02:00,25.8,90,12.7,TP.HCM
2025-09-27T03:00,26.1,88,14.8,TP.HCM
2025-09-27T04:00,26.8,86,15.4,TP.HCM
2025-09-27T05:00,27.6,83,15.3,TP.HCM
2025-09-27T06:00,28.2,82,15.3,TP.HCM
2025-09-27T07:00,28.2,82,15.1,TP.HCM
2025-09-27T08:00,27.9,83,14.8,TP.HCM
2025-09-27T09:00,27.4,85,14.0,TP.HCM
2025-09-27T10:00,26.7,87,11.8,TP.HCM
2025-09-27T11:00,25.9,90,8.7,TP.HCM
2025-09-27T12:00,25.2,92,6.5,TP.HCM
2025-09-27T13:00,25.0,94,5.5,TP.HCM
2025-09-27T14:00,24.9,95,5.4,TP.HCM
2025-09-27T15:00,24.9,96,5.8,TP.HCM
2025-09-27T16:00,24.8,96,6.8,TP.HCM
2025-09-27T17:00,24.7,95,8.3,TP.HCM
2025-09-27T18:00,24.7,95,9.0,TP.HCM
2025-09-27T19:00,24.6,95,8.6,TP.HCM
2025-09-27T20:00,24.5,95,7.6,TP.HCM
2025-09-27T21:00,24.4,95,6.5,TP.HCM
2025-09-27T22:00,24.3,96,5.8,TP.HCM
2025-09-27T23:00,24.2,96,5.1,TP.HCM
2025-09-28T00:00,24.4,96,4.8,TP.HCM
2025-09-28T01:00,24.9,95,4.8,TP.HCM
2025-09-28T02:00,25.6,93,5.4,TP.HCM
2025-09-28T03:00,26.3,90,5.8,TP.HCM
2025-09-28T04:00,27.0,87,6.6,TP.HCM
2025-09-28T05:00,27.8,83,7.3,TP.HCM
2025-09-28T06:00,28.3,80,7.9,TP.HCM
2025-09-28T07:00,28.5,79,8.0,TP.HCM
2025-09-28T08:00,28.4,79,8.7,TP.HCM
2025-09-28T09:00,28.1,80,9.2,TP.HCM
2025-09-28T10:00,27.2,85,9.9,TP.HCM
2025-09-28T11:00,26.1,91,10.5,TP.HCM
2025-09-28T12:00,25.3,95,10.8,TP.HCM
2025-09-28T13:00,25.2,95,10.9,TP.HCM
2025-09-28T14:00,25.3,94,10.8,TP.HCM
2025-09-28T15:00,25.4,93,10.2,TP.HCM
2025-09-28T16:00,25.2,93,9.6,TP.HCM
2025-09-28T17:00,24.9,94,8.7,TP.HCM
2025-09-28T18:00,24.6,94,8.1,TP.HCM
2025-09-28T19:00,24.5,94,7.6,TP.HCM
2025-09-28T20:00,24.5,94,7.2,TP.HCM
2025-09-28T21:00,24.5,94,6.8,TP.HCM
2025-09-28T22:00,24.6,94,6.8,TP.HCM
2025-09-28T23:00,24.8,94,6.9,TP.HCM
2025-09-22T00:00,26.8,91,4.1,Đà Nẵng
2025-09-22T01:00,28.3,85,3.2,Đà Nẵng
2025-09-22T02:00,29.5,78,2.3,Đà Nẵng
2025-09-22T03:00,30.3,75,1.6,Đà Nẵng
2025-09-22T04:00,31.4,71,3.2,Đà Nẵng
2025-09-22T05:00,31.9,70,7.0,Đà Nẵng
2025-09-22T06:00,31.1,74,11.3,Đà Nẵng
2025-09-22T07:00,30.8,74,12.8,Đà Nẵng
2025-09-22T08:00,30.7,74,12.2,Đà Nẵng
2025-09-22T09:00,30.0,75,11.0,Đà Nẵng
2025-09-22T10:00,29.5,77,9.7,Đà Nẵng
2025-09-22T11:00,28.6,82,5.5,Đà Nẵng
2025-09-22T12:00,28.2,86,1.8,Đà Nẵng
2025-09-22T13:00,27.6,89,3.3,Đà Nẵng
2025-09-22T14:00,27.1,90,5.5,Đà Nẵng
2025-09-22T15:00,26.8,89,6.8,Đà Nẵng
2025-09-22T16:00,26.6,89,6.9,Đà Nẵng
2025-09-22T17:00,26.3,91,5.1,Đà Nẵng
2025-09-22T18:00,26.1,92,3.5,Đà Nẵng
2025-09-22T19:00,25.9,93,2.9,Đà Nẵng
2025-09-22T20:00,25.9,93,2.2,Đà Nẵng
2025-09-22T21:00,25.8,94,3.2,Đà Nẵng
2025-09-22T22:00,25.7,94,3.3,Đà Nẵng
2025-09-22T23:00,25.7,94,3.3,Đà Nẵng
2025-09-23T00:00,26.7,90,3.1,Đà Nẵng
2025-09-23T01:00,27.9,85,3.4,Đà Nẵng
2025-09-23T02:00,28.9,82,1.6,Đà Nẵng
2025-09-23T03:00,30.0,78,1.3,Đà Nẵng
2025-09-23T04:00,31.3,70,2.8,Đà Nẵng
2025-09-23T05:00,32.1,68,5.7,Đà Nẵng
2025-09-23T06:00,32.1,70,9.5,Đà Nẵng
2025-09-23T07:00,30.7,74,10.8,Đà Nẵng
2025-09-23T08:00,31.3,71,8.0,Đà Nẵng
2025-09-23T09:00,31.1,72,5.8,Đà Nẵng
2025-09-23T10:00,30.6,74,2.2,Đà Nẵng
2025-09-23T11:00,29.7,79,0.8,Đà Nẵng
2025-09-23T12:00,28.5,86,4.2,Đà Nẵng
2025-09-23T13:00,27.9,88,5.4,Đà Nẵng
2025-09-23T14:00,27.6,88,4.6,Đà Nẵng
2025-09-23T15:00,27.3,88,4.3,Đà Nẵng
2025-09-23T16:00,27.1,89,2.3,Đà Nẵng
2025-09-23T17:00,27.0,91,1.1,Đà Nẵng
2025-09-23T18:00,26.9,92,2.2,Đà Nẵng
2025-09-23T19:00,26.8,92,2.2,Đà Nẵng
2025-09-23T20:00,26.7,92,3.1,Đà Nẵng
2025-09-23T21:00,26.6,93,2.6,Đà Nẵng
2025-09-23T22:00,26.5,93,2.5,Đà Nẵng
2025-09-23T23:00,26.4,93,2.9,Đà Nẵng
2025-09-24T00:00,27.5,89,2.9,Đà Nẵng
2025-09-24T01:00,28.6,81,3.7,Đà Nẵng
2025-09-24T02:00,28.9,76,5.2,Đà Nẵng
2025-09-24T03:00,30.0,73,4.0,Đà Nẵng
2025-09-24T04:00,31.3,69,4.6,Đà Nẵng
2025-09-24T05:00,31.3,68,5.4,Đà Nẵng
2025-09-24T06:00,31.1,72,4.1,Đà Nẵng
2025-09-24T07:00,30.4,76,6.2,Đà Nẵng
2025-09-24T08:00,30.4,78,5.2,Đà Nẵng
2025-09-24T09:00,30.3,78,4.9,Đà Nẵng
2025-09-24T10:00,29.8,79,3.7,Đà Nẵng
2025-09-24T11:00,29.1,85,3.3,Đà Nẵng
2025-09-24T12:00,28.4,89,2.7,Đà Nẵng
2025-09-24T13:00,27.8,92,3.3,Đà Nẵng
2025-09-24T14:00,27.6,89,5.7,Đà Nẵng
2025-09-24T15:00,27.6,88,3.6,Đà Nẵng
2025-09-24T16:00,27.4,90,2.5,Đà Nẵng
2025-09-24T17:00,27.4,91,1.6,Đà Nẵng
2025-09-24T18:00,27.2,93,2.9,Đà Nẵng
2025-09-24T19:00,27.1,94,4.1,Đà Nẵng
2025-09-24T20:00,27.1,92,4.3,Đà Nẵng
2025-09-24T21:00,27.0,87,4.5,Đà Nẵng
2025-09-24T22:00,26.5,82,8.6,Đà Nẵng
2025-09-24T23:00,25.8,86,7.1,Đà Nẵng
2025-09-25T00:00,26.0,87,6.7,Đà Nẵng
2025-09-25T01:00,26.9,84,7.2,Đà Nẵng
2025-09-25T02:00,27.8,82,6.8,Đà Nẵng
2025-09-25T03:00,28.8,81,4.3,Đà Nẵng
2025-09-25T04:00,30.0,76,3.8,Đà Nẵng
2025-09-25T05:00,30.7,73,3.1,Đà Nẵng
2025-09-25T06:00,31.0,70,5.3,Đà Nẵng
2025-09-25T07:00,30.8,72,3.0,Đà Nẵng
2025-09-25T08:00,30.2,77,1.8,Đà Nẵng
2025-09-25T09:00,29.6,82,3.9,Đà Nẵng
2025-09-25T10:00,29.0,85,4.2,Đà Nẵng
2025-09-25T11:00,28.5,88,3.7,Đà Nẵng
2025-09-25T12:00,28.0,90,2.8,Đà Nẵng
2025-09-25T13:00,27.8,91,2.1,Đà Nẵng
2025-09-25T14:00,27.8,91,1.8,Đà Nẵng
2025-09-25T15:00,27.6,91,2.0,Đà Nẵng
2025-09-25T16:00,27.3,92,2.2,Đà Nẵng
2025-09-25T17:00,26.9,93,2.7,Đà Nẵng
2025-09-25T18:00,26.6,94,3.1,Đà Nẵng
2025-09-25T19:00,26.4,94,3.1,Đà Nẵng
2025-09-25T20:00,26.3,94,2.6,Đà Nẵng
2025-09-25T21:00,26.3,94,1.9,Đà Nẵng
2025-09-25T22:00,26.4,94,1.4,Đà Nẵng
2025-09-25T23:00,26.5,93,1.5,Đà Nẵng
2025-09-26T00:00,26.7,92,1.5,Đà Nẵng
2025-09-26T01:00,27.3,90,1.3,Đà Nẵng
2025-09-26T02:00,28.0,87,1.1,Đà Nẵng
2025-09-26T03:00,28.5,84,1.9,Đà Nẵng
2025-09-26T04:00,28.9,82,4.0,Đà Nẵng
2025-09-26T05:00,29.2,81,6.3,Đà Nẵng
2025-09-26T06:00,29.3,80,8.2,Đà Nẵng
2025-09-26T07:00,29.0,81,9.1,Đà Nẵng
2025-09-26T08:00,28.6,82,9.3,Đà Nẵng
2025-09-26T09:00,28.1,84,8.8,Đà Nẵng
2025-09-26T10:00,27.6,86,7.7,Đà Nẵng
2025-09-26T11:00,27.0,88,5.9,Đà Nẵng
2025-09-26T12:00,26.6,90,3.7,Đà Nẵng
2025-09-26T13:00,26.3,92,1.1,Đà Nẵng
2025-09-26T14:00,26.1,93,2.3,Đà Nẵng
2025-09-26T15:00,26.0,94,4.3,Đà Nẵng
2025-09-26T16:00,25.8,94,4.8,Đà Nẵng
2025-09-26T17:00,25.7,94,4.1,Đà Nẵng
2025-09-26T18:00,25.6,94,3.3,Đà Nẵng
2025-09-26T19:00,25.6,94,2.8,Đà Nẵng
2025-09-26T20:00,25.5,94,2.3,Đà Nẵng
2025-09-26T21:00,25.6,94,1.8,Đà Nẵng
2025-09-26T22:00,25.6,94,2.3,Đà Nẵng
2025-09-26T23:00,25.8,94,3.1,Đà Nẵng
2025-09-27T00:00,26.0,93,3.2,Đà Nẵng
2025-09-27T01:00,26.3,90,2.2,Đà Nẵng
2025-09-27T02:00,26.8,86,2.6,Đà Nẵng
2025-09-27T03:00,27.3,83,4.7,Đà Nẵng
2025-09-27T04:00,27.8,82,5.9,Đà Nẵng
2025-09-27T05:00,28.2,82,7.1,Đà Nẵng
2025-09-27T06:00,28.5,82,8.0,Đà Nẵng
2025-09-27T07:00,28.3,83,9.0,Đà Nẵng
2025-09-27T08:00,27.9,85,9.3,Đà Nẵng
2025-09-27T09:00,27.5,87,9.3,Đà Nẵng
2025-09-27T10:00,27.0,89,7.9,Đà Nẵng
2025-09-27T11:00,26.5,91,5.8,Đà Nẵng
2025-09-27T12:00,26.0,92,3.7,Đà Nẵng
2025-09-27T13:00,25.7,93,2.2,Đà Nẵng
2025-09-27T14:00,25.4,94,2.9,Đà Nẵng
2025-09-27T15:00,25.1,94,4.4,Đà Nẵng
2025-09-27T16:00,24.8,94,4.7,Đà Nẵng
2025-09-27T17:00,24.6,94,4.7,Đà Nẵng
2025-09-27T18:00,24.4,94,4.3,Đà Nẵng
2025-09-27T19:00,24.3,94,4.0,Đà Nẵng
2025-09-27T20:00,24.3,94,3.6,Đà Nẵng
2025-09-27T21:00,24.3,94,3.2,Đà Nẵng
2025-09-27T22:00,24.2,94,3.2,Đà Nẵng
2025-09-27T23:00,24.2,94,3.6,Đà Nẵng
2025-09-28T00:00,24.3,94,3.8,Đà Nẵng
2025-09-28T01:00,24.7,94,3.8,Đà Nẵng
2025-09-28T02:00,25.2,94,4.8,Đà Nẵng
2025-09-28T03:00,25.7,94,6.2,Đà Nẵng
2025-09-28T04:00,26.0,93,8.0,Đà Nẵng
2025-09-28T05:00,26.4,92,10.2,Đà Nẵng
2025-09-28T06:00,26.6,91,11.9,Đà Nẵng
2025-09-28T07:00,26.6,91,11.9,Đà Nẵng
2025-09-28T08:00,26.6,91,11.1,Đà Nẵng
2025-09-28T09:00,26.4,91,10.0,Đà Nẵng
2025-09-28T10:00,26.2,92,8.9,Đà Nẵng
2025-09-28T11:00,26.0,92,7.6,Đà Nẵng
2025-09-28T12:00,25.7,93,6.2,Đà Nẵng
2025-09-28T13:00,25.6,94,4.8,Đà Nẵng
2025-09-28T14:00,25.4,94,4.4,Đà Nẵng
2025-09-28T15:00,25.4,94,4.0,Đà Nẵng
2025-09-28T16:00,25.4,92,3.6,Đà Nẵng
2025-09-28T17:00,25.5,90,5.8,Đà Nẵng
2025-09-28T18:00,25.5,89,7.3,Đà Nẵng
2025-09-28T19:00,25.1,91,6.2,Đà Nẵng
2025-09-28T20:00,24.7,94,3.2,Đà Nẵng
2025-09-28T21:00,24.4,96,1.6,Đà Nẵng
2025-09-28T22:00,24.5,96,1.5,Đà Nẵng
2025-09-28T23:00,24.7,94,2.0,Đà Nẵng
